sent_id,hindi,google_english
Tourism_001,चेंगलपट स्टेशन से एक लाइन अरकोनम तक जाती है ।,A line from Chengalpat station goes to Arakkonam.
Tourism_002,द्वारका चार धामों में एक धाम भी है ।,Dwarka is also one of the four Dhams.
Tourism_003,गढ़-मुक्तेश्वर हिंदुओं का पावन तीर्थ है ।,Garh-Mukteshwar is a sacred pilgrimage site for Hindus.
Tourism_004,चलें गढ़ मुक्तेश्वर का गंगा मेला ।,Let's go to Ganga Fair of Garh Mukteshwar.
Tourism_005,मुख्य स्नान 13 नवंबर को है ।,The main bath is on 13th November.
Tourism_006,अशोक स्तंभ को सिंह स्तंभ के नाम से भी जाना जाता है ।,Ashoka Pillar is also known as Lion Pillar.
Tourism_007,गढ़ मुक्तेश्वर का नाम शिव बल्लभपुर पड़ा ।,Garh Mukteshwar was named Shiv Ballabhpur.
Tourism_008,अशोक स्तंभ के पास एक छोटा सा तालाब भी है ।,There is also a small pond near the Ashoka Pillar.
Tourism_009,शिव बल्लभपुर शिवजी को अति प्रिय है ।,Shiv Ballabhpur is very dear to Lord Shiva.
Tourism_010,शिव बल्लभपुर क्षेत्र मुझे काशी के समान प्रिय है ।,Shiv Ballabhpur area is as dear to me as Kashi.
Tourism_011,लेकिन धीरे-धीरे गंगा जी स्थान छोड़ती चली गईं ।,But gradually Ganga ji started leaving the place.
Tourism_012,मेला स्थल कार आदि से आराम से पहुँचा जा सकता है ।,The fair venue can be easily reached by car etc.
Tourism_013,लेकिन अब यातायात के कई साधन उपलब्ध हैं ।,But now many means of transport are available.
Tourism_014,हस्तिनापुर का ऐतिहासिक महत्व है ।,Hastinapur has historical importance.
Tourism_015,कश्मीरी गेट से लगातार मेरठ तक की बसें जाती हैं ।,There are frequent buses from Kashmiri Gate to Meerut.
Tourism_016,मेरठ से हस्तिनापुर की बसें मिल जाती हैं ।,Buses are available from Meerut to Hastinapur.
Tourism_017,दिल्ली से हस्तिनापुर की दूरी तकरीबन 105 किलोमीटर है ।,The distance from Delhi to Hastinapur is approximately 105 kilometers.
Tourism_018,भगवान मल्लिनाथ का समवोशरन भी हस्तिनापुर में ही हुआ ।,The consecration of Lord Mallinath also took place in Hastinapur.
Tourism_019,लोगबाग दूर-दूर से उनके दर्शन के लिए जाते थे ।,People used to go from far and wide to visit him.
Tourism_020,रामायण काल के परशुराम भी हस्तिनापुर में पैदा हुए ।,Parashuram of Ramayana period was also born in Hastinapur.
Tourism_021,बाहुबली ने पोदनपुर पर शासन किया ।,Bahubali ruled Podanpur.
Tourism_022,जबकि उनके पुत्र सोमयश ने हस्तिनापुर पर शासन किया ।,While his son Somayash ruled Hastinapura.
Tourism_023,श्रेयंषकुमार की स्मृति में रत्न स्तम्भ बनवाया था ।,Ratna Stambh was built in the memory of Shreyanshkumar.
Tourism_024,यह अतिशय क्षेत्र कहलाता है ।,This is called extreme region.
Tourism_025,अतिशय का अर्थ है सामान्य से बहुत ज्यादा ।,Excessive means much more than normal.
Tourism_026,बिहार का शांति स्तूप विश्व प्रसिद्ध है ।,Shanti Stupa of Bihar is world famous.
Tourism_027,पर्यटक बरैला झील में नौका विहार का भी आनंद ले सकते हैं ।,Tourists can also enjoy boating in Barila Lake.
Tourism_028,तिजारा में एक बड़ा हॉल है ।,There is a big hall in Tijara.
Tourism_029,इसे मान-स्तंभ कहकर पुकारा जाता है ।,It is called the pillar of honor.
Tourism_030,भगवान की मूर्तियों के दूर से ही दर्शन हो जाते हैं ।,The idols of God can be seen from a distance.
Tourism_031,इसे मान-स्तंभ कहा जाता है ।,This is called the pillar of honor.
Tourism_032,पर्यटक इसकी मोहक छटा में खो जाते हैं ।,Tourists get lost in its enchanting charm.
Tourism_033,बरैला झील का सबसे नजदीकी रेलवे स्टेशन हाजीपुर है ।,The nearest railway station to Barela Lake is Hajipur.
Tourism_034,मैनें यह पाया ।,I found this.
Tourism_035,पटना से टैक्सी के जरिए बरैला झील तक पहुँचा जा सकता है ।,Barila Lake can be reached by taxi from Patna.
Tourism_036,तीरथगढ़ रियासत के किसी राजा के दो पुत्र थे ।,A king of Tirathgarh state had two sons.
Tourism_037,एक राजकुमार चन्द्रदेव और दूसरा तीरथदेव ।,One prince was Chandradev and the other was Tirathdev.
Tourism_038,राजकुमार चन्द्रदेव को विरासत में चन्द्रगिरी का क्षेत्र मिला ।,Prince Chandradev inherited the area of ​​Chandragiri.
Tourism_039,उनके भाई को तीरथगढ़ की जागीर मिली ।,His brother got the jagir of Tirathgarh.
Tourism_040,वाल्मीकि नेशनल पार्क से नजदीकी रेलवे स्टेशन रक्सौल है ।,The nearest railway station to Valmiki National Park is Raxaul.
Tourism_041,इस गुफा में छोटे-छोटे पोखर स्थित हैं ।,There are small ponds located in this cave.
Tourism_042,अब ये मछलियाँ जन्म से ही अंधी पैदा होती हैं ।,Now these fish are born blind.
Tourism_043,यह डार्विन के सिद्धांत की पुष्टि करती है ।,This confirms Darwin's theory.
Tourism_044,चूना पत्थर की आकृतियाँ शिवलिंग के समान जान पड़ती हैं ।,The limestone figures appear similar to Shivalinga.
Tourism_045,इस गुफा का धार्मिक महत्व भी है ।,This cave also has religious importance.
Tourism_046,दूर-दूर तक पर्वत मालाएँ फैली हैं ।,Mountain ranges are spread far and wide.
Tourism_047,बस्तर की वास्तविक सीमा यहीं से शुरू होती है ।,The actual border of Bastar starts from here.
Tourism_048,बारसूर गीदम से 22 किलोमीटर की दूरी पर स्थित है ।,Barsoor is situated at a distance of 22 kilometers from Geedam.
Tourism_049,यहाँ गणेश जी की विशाल मूर्ति है ।,There is a huge idol of Lord Ganesha here.
Tourism_050,मामा-भांजा मंदिर दो गर्भगृह युक्त मंदिर है ।,Mama-Bhanja Temple is a temple with two sanctums.
Tourism_051,मामा-भांजा मंदिर के मंडप आपस में जुड़े हुये हैं ।,The pavilions of Mama-Bhanja temple are connected to each other.
tourism_052,ye maMxira ArkiyolAjI viBAga dvArA saMrakRiwa smAraka hEM .,ye maMxira ArkiyolAjI viBAga dvArA saMrakRiwa smAraka hEM.
Tourism_053,गुण्डमहादेवी का पुत्र सोमेश्वर देव एक प्रतापी राजा था ।,"Someshwar Dev, son of Gundamahadevi, was a glorious king."
Tourism_054,दंतेश्वरी देवी बस्तर के रहवासियों की आस्था का प्रतीक है ।,Danteshwari Devi is a symbol of faith of the residents of Bastar.
Tourism_055,दशहरे के समय देश-विदेश के पर्यटक बस्तर आते है ।,"During Dussehra, tourists from India and abroad come to Bastar."
Tourism_056,रांची में प्रमुख धर्मशालाएँ ।,Major Dharamshalas in Ranchi.
Tourism_057,बैलाडीला में गेस्ट हाऊस में रुका जा सकता है ।,One can stay in guest house in Bailadila.
Tourism_058,बचेली का अयस्क अच्छे ग्रेड का माना जाता है ।,Bacheli's ore is considered to be of good grade.
Tourism_59,हुंडरू फॉल रांची से 40 किलोमीटर दूर है ।,Hundru Fall is 40 kilometers from Ranchi.
Tourism_060,ताड़ी के रसभरे फलों को खाना अच्छा लगता है ।,It is pleasant to eat the juicy fruits of toddy.
Tourism_061,के.के. लाइन की लम्बाई 50 से 900 मीटर तक है ।,K.K. The length of the line ranges from 50 to 900 meters.
Tourism_062,प्रपात को नीचे से उतरकर देखना अच्छा लगता है ।,It is nice to see the falls from below.
Tourism_063,यहाँ बच्चों के लिये बाल उद्यान एवं रेलगाड़ी की व्यवस्था है ।,There is a children's garden and train facility for children here.
Tourism_064,सुन्दर लॉन एवं पुष्प उद्यान पर्यटकों का मन मोह लेते हैं ।,Beautiful lawns and flower gardens attract the tourists.
Tourism_065,प्रातः एवं सांयकालीन भ्रमण के लिये यह उपयुक्त स्थान है ।,This is a suitable place for morning and evening walks.
Tourism_066,आइलैण्ड में लगी पवन चक्की भी आकर्षित करती है ।,The windmill installed on the island also attracts.
Tourism_067,केरल प्रांत पर्यटकों में बेहद लोकप्रिय है ।,Kerala state is very popular among tourists.
Tourism_068,केरल में अनेक प्रकार के दर्शनीय स्थल हैं ।,There are many types of tourist places in Kerala.
Tourism_069,दमन और दीव में बहुत छोटे-छोटे द्वीप हैं ।,There are many small islands in Daman and Diu.
Tourism_070,दीव गुजरात के जूनागढ़ जिले से जुड़ा है ।,Diu is connected to Junagadh district of Gujarat.
Tourism_071,नानी दमन का मुख्य आकर्षण संत जैरोम का किला है ।,The main attraction of Nani Daman is the Fort of Saint Jerome.
Tourism_072,देविका बीच दमन से पाँच किमी उत्तर में है ।,Devika Beach is five km north of Daman.
Tourism_073,जैमपोरे बीच का शांत वातावरण प्रेमियों को खींच लाता है ।,The serene atmosphere of Jampore Beach attracts lovers.
Tourism_074,तैराकी के लिए भी जैमपोरे बीच बहुत अच्छा स्थान है ।,Jampore Beach is also a very good place for swimming.
Tourism_075,क्या है दीव में ।,What is there in Diu?
Tourism_076,चौबटिया एक बगीचा है ।,Chaubatiya is a garden.
Tourism_077,चक्रतीर्थ बीच हरियाली के सौंदर्य से भरपूर है ।,Chakratirtha Beach is full of beauty of greenery.
Tourism_078,कब जाएँ दमन और दीव ?,When to go to Daman and Diu?
Tourism_079,कैसे पहुँचें दमन और दीव ?,How to reach Daman and Diu?
Tourism_080,दमन और दीव दोनों एयरपोर्ट से जुड़े हैं ।,Both Daman and Diu are connected by airports.
Tourism_081,चौबटिया के पास ही एक जलप्रपात है ।,There is a waterfall near Chaubatiya.
Tourism_082,कालिका माता मंदिर मूलतः एक सूर्य मंदिर था ।,Kalika Mata Temple was originally a Sun temple.
Tourism_083,मंदिर का शिखर पूर्णतः नवीन रचना है ।,The shikhara of the temple is a completely new creation.
Tourism_084,मूलतः मंदिर एक विशाल जगती पर बना था ।,Originally the temple was built on a huge platform.
Tourism_085,कुंभस्वामी या कुंभश्याम मंदिर मूलतः वैष्णव मंदिर था ।,Kumbhaswami or Kumbhashyam temple was originally a Vaishnav temple.
Tourism_086,शिमला पर्यटकों के लिए एक अद्भुत अनुभव प्रदान करता है ।,Shimla offers a wonderful experience to the tourists.
Tourism_087,पालोड तिरुवनन्तपुरम से 35 कि.मी. दूर है ।,Palode is 35 km from Thiruvananthapuram. Is far away.
Tourism_088,पालोड से पेरिंगम्मला पहुँच सकते हैं ।,One can reach Peringammala from Palode.
Tourism_089,अंचुतेंगु का समुद्रतट भी अत्यंत सुन्दर है ।,The beach of Anchutengu is also very beautiful.
Tourism_090,अंचुतेंगु मछुआरों का प्रमुख केन्द्र भी है ।,Anchutengu is also a major center for fishermen.
Tourism_091,आक्कुलम झील नौकारोहण की दृष्टि से महत्त्वपूर्ण है ।,Akkulam Lake is important from the point of view of boating.
Tourism_092,चित्तारि का तटीय भाग विशाल है ।,The coastal part of Chittari is vast.
Tourism_093,चित्तारि हरियाली से ढंका एक छोटा द्वीप है ।,Chittari is a small island covered with greenery.
Tourism_094,यहाँ एक बालक अकस्मात प्रकट हुआ ।,Here a child suddenly appeared.
Tourism_095,तलश्शेरी में एक रेलवे स्टेशन है ।,There is a railway station at Talashseri.
Tourism_96,सप्तपुरियों के दर्शन से मिलता है मोक्ष !,Salvation is attained by seeing the Saptapuris!
Tourism_097,हिंदू धर्म में तीर्थ का बड़ा महत्व है ।,Pilgrimage has great importance in Hindu religion.
Tourism_098,इसका नाम बनारस या वाराणसी भी है ।,Its name is also Banaras or Varanasi.
Tourism_099,खड़ी बाजार रानीखेत का मुख्य बाजार है ।,Khari Bazaar is the main market of Ranikhet.
Tourism_100,लक्सर से एक लाइन हरिद्वार तक गई है ।,There is a line from Laksar to Haridwar.
Tourism_101,जाखू चोटी शिमला की सब से ऊँची पर्वतचोटी है ।,Jakhu peak is the highest peak of Shimla.
Tourism_102,चैल महल को 1972 में सरकारी संपत्ति घोषित किया गया ।,Chail Mahal was declared government property in 1972.
Tourism_103,शिमला का वन्यजीव अभ्यारण्य देखने योग्य है ।,The wildlife sanctuary of Shimla is worth visiting.
Tourism_104,कोनीफर्स में पर्यटक रुकना चाहें तो रुक भी सकते हैं ।,"If tourists wish to stay, they can also stay in the conifers."
Tourism_105,कोनीफर्स में एचपीडीसी के रेस्तराँ और होटल हैं ।,HPDC has restaurants and hotels in Conifers.
Tourism_106,गर्मियों में ठंडी सड़क सब को लुभाती है ।,"In summer, the cool road attracts everyone."
Tourism_107,पंजपुला एक सैरगाह है ।,Panjpula is a resort.
Tourism_108,डलहौजी में शहीद भगत सिंह के चाचा की समाधि भी है ।,There is also a mausoleum of martyr Bhagat Singh's uncle in Dalhousie.
Tourism_109,आज चश्मे में से एक धारा निकलती है ।,Today a stream comes out of the glasses.
Tourism_110,यह स्थल ' म्यूजिकल पीक ' भी कहलाता है ।,This place is also called 'Musical Peak'.
Tourism_111,कालाटोप गांधी चौक से 8 किलोमीटर दूर है ।,Kalatop is 8 kilometers from Gandhi Chowk.
tourism_112,agaswa ke bAxa garma kapadZe sAWa raKeM .,Agaswa ke baAxa hota kapadZe sAWa raKeM.
Tourism_113,सामान्य स्वेटर व शाल हर मौसम में चाहिए ।,Simple sweaters and shawls are needed in every season.
Tourism_114,चंबा के रुमाल प्रसिद्ध हैं ।,The handkerchiefs of Chamba are famous.
Tourism_115,खजियार डलहौजी से 22 किलोमीटर दूर है ।,Khajjiar is 22 kilometers from Dalhousie.
Tourism_116,ट्रैकिंग के लिए पिंडारी ग्लेशियर बहुत ही सुंदर है ।,Pindari Glacier is very beautiful for trekking.
Tourism_117,KajiyAra ko himAlaya kA svitjaralEMda kahA jAtA hai .,Where is Kajiyra's light given to him?
Tourism_118,खजियार की शाम हर सैलानी को सुकून देती है ।,The evening of Khajjiar gives relaxation to every tourist.
Tourism_119,घुड़सवारी यहाँ का मुख्य मनोरंजन और रोमांच है ।,Horse riding is the main entertainment and adventure here.
Tourism_120,गर्मियों में चंबा शहर गरम रहता है ।,Chamba city remains hot in summer.
Tourism_121,खजियार से चंबा केवल 43 किलोमीटर ही है ।,Chamba is only 43 kilometers from Khajjiar.
Tourism_122,चंबा की मणिमहेश यात्रा भी प्रसिद्ध है ।,Manimahesh Yatra of Chamba is also famous.
Tourism_123,मैक्लोडगंज में पर्यटकों की गहमागहमी देखने को मिलती है ।,There is a rush of tourists in McLeodganj.
Tourism_124,यहाँ अधिकांश व्यवसायी तिब्बती हैं ।,Most of the businessmen here are Tibetans.
Tourism_125,आज यही जगह मैक्लोडगंज है ।,Today this place is McLeodganj.
Tourism_126,भागसू गाँव को भागसूनाथ भी कहते हैं ।,Bhagsu village is also called Bhagsunath.
Tourism_127,भागसू गाँव के पास ही आकर्षक झरना भी है ।,There is also an attractive waterfall near Bhagsu village.
Tourism_128,भागसू गाँव में ठहरने की अच्छी सुविधाएँ हैं ।,Bhagsu village has good accommodation facilities.
Tourism_129,कुल्लू शहर मनाली से 40 किलोमीटर पहले पड़ता है ।,Kullu city is 40 kilometers before Manali.
Tourism_130,अक्तूबर - नवंबर में मौसम काफी सुहावना रहता है ।,The weather is quite pleasant in October-November.
Tourism_131,ढालपुर बाजार में सूखे मेवे भी खरीदे जा सकते हैं ।,Dry fruits can also be purchased in Dhalpur market.
Tourism_132,कुल्लू से 10 किलोमीटर पहले भूंतर हवाई अड्डा स्थित है ।,Bhuntar Airport is located 10 kilometers before Kullu.
Tourism_133,भूंतर से कसोल 32 और मणिकर्ण 35 किलोमीटर है ।,Kasol is 32 kilometers and Manikaran is 35 kilometers from Bhuntar.
Tourism_134,व्यास नदी के निकट ही मनाली नगर बसा है ।,Manali city is situated near the Vyas river.
Tourism_135,खरीदारी की बेहतर जगह माल रोड ही है ।,The best place for shopping is Mall Road.
Tourism_136,जुलाई से सितंबर तक रोहतांग यात्रा आसान है ।,Rohtang travel is easy from July to September.
Tourism_137,हर की दून जाने के दो मार्ग हैं ।,There are two routes to reach Har Ki Doon.
Tourism_138,किन्नौर का इलाका घाटियों से भरा है ।,The area of ​​Kinnaur is full of valleys.
Tourism_139,किन्नर अनेक कलाएँ जानते थे ।,Kinnar knew many arts.
Tourism_140,बाद में जातिवाद ने यहाँ 2 वर्ग बना दिए ।,Later casteism created two classes here.
Tourism_141,इसे बास्पा घाटी भी कहते हैं ।,It is also called Baspa Valley.
Tourism_142,हर कहीं सेब के बाग हैं ।,There are apple orchards everywhere.
Tourism_143,सुरागाय और ट्राउट मछली यहाँ खूब हैं ।,Churgai and trout fish are plentiful here.
Tourism_144,पर्वत की ढलानों पर भोज वन चमकते हैं ।,Bhoj forests shine on the mountain slopes.
Tourism_145,देवदार के जंगल हर कहीं फैले हैं । changing the tam to pres,Deodar forests are spread everywhere. changing the tam to press
Tourism_146,कामरू किला कलात्मक है ।,Kamru Fort is artistic.
Tourism_147,बीच में नया बस अड्डा है ।,There is a new bus stand in between.
Tourism_148,रिकांगपिओ बाजार बहुत फैला हुआ है । change the tam to pres,Reckong Peo market is very spread out. change the tam to pres
Tourism_149,चिनी और कल्पा गाँव में छोटे - छोटे बाजार हैं ।,There are small markets in Chini and Kalpa villages.
Tourism_150,सर्दियों में रोहतांग बर्फ़बारी के कारण बंद हो जाता हैं ।,Rohtang is closed in winter due to snowfall.
Tourism_151,रोहतांग तक चढ़ाई और फिर उतराई । Ascension till Rohtang and then descension .,Climb till Rohtang and then descend. Ascension till Rohtang and then descent.
Tourism_152,कारदंग गोंपा का पुस्तकालय और चित्र संग्रहालय चकित करता है । The library and the painting museum of Kardang Gompa mesmerise .,The library and picture museum of Kardang Gompa is astonishing. The library and the painting museum of Kardang Gompa mesmerise.
Tourism_153,टूर एंड ट्रेवल या एडवेंचर एजेंसियाँ यह काम सँभालती हैं । Tour and travel or adventure agencies manage this work .,Tour and travel or adventure agencies handle this work. Tour and travel or adventure agencies manage this work.
Tourism_154,कुंजुम दर्रे का बेहद जोखिम भरा मार्ग है । Kunjum pass has an extremely risky road .,Kunzum Pass is a very risky route. Kunjum pass has an extremely risky road.
Tourism_155,काजा में कुछ गेस्टहाउस भी हैं । There are also a few guest houses in Kaza .,There are also some guesthouses in Kaza. There are also a few guest houses in Kaza.
Tourism_156,ताबो में उन साधक - साधिकाओं की मूर्तियाँ मौजूद हैं । The statues of those ascetics are present in Tabo .,Statues of those seekers and seekers are present in Tabo. The statues of those ascetics are present in Tabo.
Tourism_157,मिट्टी की इन मूर्तियों पर अब वस्त्र डाल दिए गए हैं । Clothes have been put on these earthen statues now .,Now clothes have been put on these clay idols. Clothes have been put on these earthen statues now.
Tourism_158,गोंपा में छोटा सा बाजार भी है । There is also a small bazaar in Gompa .,There is also a small market in Gompa. There is also a small bazaar in Gompa.
Tourism_159,अक्तूबर के बाद जम्मू का मौसम सर्द होने लगता है । After October the weather of Jammu starts getting cold .,After October the weather of Jammu starts becoming cold. After October the weather of Jammu starts getting cold.
Tourism_160,बाहु किले को शहर का सबसे पुराना किला माना जाता है । Bahu Fort is considered the oldest fort of the city .,Bahu Fort is considered to be the oldest fort of the city. Bahu Fort is considered the oldest fort of the city.
Tourism_161,जम्मू से लगभग 45 किलोमीटर दूर स्थित हैं मानसर झील । About 45 kilometres away from Jammu is situated the Mansar Lake .,Mansar Lake is situated about 45 kilometers from Jammu. About 45 kilometers away from Jammu is situated the Mansar Lake.
Tourism_162,खूबसूरत मानसर झील आसपास स्थित जंगलों से घिरी हुई है ।changed tam,The beautiful Mansar Lake is surrounded by surrounding forests. changed tam
Tourism_163,सुरिनसर झील जम्मू से 42 किलोमीटर दूर है ।,Surinsar Lake is 42 kilometers from Jammu.
Tourism_164,गुफा लगभग 150 किलोमीटर लंबी है ।,The cave is approximately 150 kilometers long.
Tourism_165,जिसमें सैकड़ों लोग खड़े हो सकते हैं ।changed tam,In which hundreds of people can stand. changed tam
Tourism_166,पटनीटाप क्षेत्र खूबसूरती का पर्याय माना जाता है । The area of Patnitop is considered synonym of beauty .,Patnitop area is considered synonymous with beauty. The area of ​​Patnitop is considered synonym of beauty.
Tourism_167,पटनीटाप पर पूरे साल पर्यटकों का तांता लगा रहता है । There is always a queue of tourists on Patnitop .,Patnitop is visited by tourists throughout the year. There is always a queue of tourists on Patnitop.
Tourism_168,स्कीइंग के शौकीनों के लिए पटनीटाप जगह काफी रोमांचक है । For the fans of skiing Patnitop is very adventurous .,Patnitop is a very exciting place for skiing lovers. For the fans of skiing Patnitop is very adventurous.
Tourism_169,सर्दियों में पटनीटाप में स्कीइंग का आयोजन किया जाता है । Skiing is organised in Patnitop during winters .,Skiing is organized in Patnitop in winter. Skiing is organized in Patnitop during winters.
Tourism_170,पटनीटाप में एक खूबसूरत झील भी है । There is also a beautiful lake in Patnitop .,There is also a beautiful lake in Patnitop. There is also a beautiful lake in Patnitop.
Tourism_171,श्रीनगर में हर तरफ कुदरत के हसीन नजारे देखने को मिलते हैं । Smiling scenes of nature is found everywhere in Srinagar .,Beautiful views of nature can be seen everywhere in Srinagar. Smiling scenes of nature are found everywhere in Srinagar.
Tourism_172,जो श्रीनगर को अन्य पहाड़ी पर्यटन स्थलों से अलग करती हैं । These differentiate Srinagar from other mountainous tourist places .,Which separates Srinagar from other hill tourist destinations. These differentiate Srinagar from other mountainous tourist places.
Tourism_173,क्योंकि श्रीनगर का मौसम नया रंग बिखेरते हुए आता है । Because the weather of Srinagar comes spreading new colour .,Because the weather of Srinagar comes spreading new colors. Because the weather of Srinagar comes spreading new colour.
Tourism_174,श्रीनगर को जम्मू - कश्मीर का गौरव भी कहा जाता है । Srinagar is also called pride of Jammu and Kashmir .,Srinagar is also called the pride of Jammu and Kashmir. Srinagar is also called pride of Jammu and Kashmir.
Tourism_175,डल झील जम्मू - कश्मीर की दूसरी बड़ी झील है । Dal lake is second biggest lake of Jammu and Kashmir .,Dal Lake is the second largest lake of Jammu and Kashmir. Dal lake is second biggest lake of Jammu and Kashmir.
Tourism_176,वूलर झील ऊँचे - ऊँचे पहड़ों से घिरी है । Wular lake is surrounded by high mountains .,Wular Lake is surrounded by high mountains. Wular lake is surrounded by high mountains.
Tourism_177,श्रीनगर के बगीचों में निशात बाग सबसे बड़ा है । Nishat Bagh is the biggest among gardens in Srinagar .,Nishat Bagh is the largest among the gardens of Srinagar. Nishat Bagh is the biggest among gardens in Srinagar.
Tourism_178,गुलमर्ग शहर से 52 किलोमीटर दूर स्थित है । Gulmarg is 52 kilometres away from the city .,It is situated 52 kilometers away from Gulmarg city. Gulmarg is 52 kilometers away from the city.
Tourism_179,गुलमर्ग का पूरा रास्ता देवदार के वृक्षों से ढका हुआ है । The road to Gulmarg is covered with cedar trees throughout .,The entire road to Gulmarg is covered with cedar trees. The road to Gulmarg is covered with cedar trees throughout.
Tourism_180,सर्दी के मौसम में सैलानी यहाँ बर्फ़ के खेलों का मजा लेते हैं । During winter season tourists enjoy snow games here .,Tourists enjoy snow sports here during winter season. During winter season tourists enjoy snow games here.
Tourism_181,गुलमर्ग में रोपवे एक और आकर्षण है । The ropeway in Gulmarg is another attraction .,Ropeway is another attraction in Gulmarg. The ropeway in Gulmarg is another attraction.
Tourism_182,रोपवे स्थानीय भाषा में गंडोला कहा जाता है । Ropeway is called Gondola in local language .,Ropeway is called Gondola in the local language. Ropeway is called Gondola in local language.
Tourism_183,लेह शहर में सबसे ज्यादा आबादी है । Population is the most in Leh city .,Leh city has the highest population. Population is the most in Leh city.
Tourism_184,अब लेह में पर्यटन ही मुख्य व्यवसाय है । Now tourism is the main business in Leh .,Now tourism is the main business in Leh. Now tourism is the main business in Leh.
Tourism_185,पर्यटक यहाँ बहुत फुरसत और बेफिक्री में घूमते मिलते हैं । Tourists are found roaming very leisurely and non-anxious .,Tourists are found roaming here very leisurely and carefree. Tourists are found roaming very leisurely and non-anxious.
Tourism_186,लेह में अनेक कलात्मक बौद्ध मंदिर और स्तूप हैं । There are several artistic Buddhist temples and stupas in Leh .,There are many artistic Buddhist temples and stupas in Leh. There are several artistic Buddhist temples and stupas in Leh.
Tourism_187,"हर कहीं मठ , मंदिर और स्तूप हैं । Monasteries , temples and stupas are everywhere .","There are monasteries, temples and stupas everywhere. Monasteries, temples and stupas are everywhere."
Tourism_188,एक बड़ी गुफा ससपोल गुफा कहलाती है । One big cave is called the Saspol cave .,A big cave is called Saspol Cave. One big cave is called the Saspol cave.
Tourism_189,ससपोल गुफा में सैलानियों की भीड़ लगी रहती है । There is a crowd of tourists in Saspol cave .,There is a crowd of tourists in Saspol Cave. There is a crowd of tourists in Saspol cave.
Tourism_190,कठिन जीवन में भी वह शांत और कर्मठ दिखता है । Even in difficult life they look calm and working .,"Even in difficult life, he looks calm and hardworking. Even in difficult life they look calm and working."
Tourism_191,मुखौटा नृत्य में केवल लामा लोग ही भाग लेते हैं । Only lamas participate in the mask dance .,Only Lama people participate in the mask dance. Only lamas participate in the mask dance.
Tourism_192,लद्दाख का दूसरा प्रमुख नगर कारगिल है । The second major city of Ladakh is Kargil .,The second major city of Ladakh is Kargil. The second major city of Ladakh is Kargil.
Tourism_193,श्रीनगर की ओर बढ़ते हुए सीमा बिलकुल साथ लग जाती है । Going ahead towards Srinagar border touches very close .,"While moving towards Srinagar, the border comes right along. Going ahead towards Srinagar border touches very close."
Tourism_194,हर कहीं वाहन उपलब्ध हैं । Vehicles are available everywhere .,Vehicles are available everywhere. Vehicles are available everywhere.
Tourism_195,रोज गार्डन 30 एकड़ में फैला हुआ है । Rose garden is spread in 30 acres .,The Rose Garden is spread over 30 acres. Rose garden is spread in 30 acres.
Tourism_196,टेरेस गार्डन 10 एकड़ में फैला है । Terrace Garden is spread in 10 acres .,The terrace garden is spread over 10 acres. Terrace Garden is spread in 10 acres.
Tourism_197,टेपिआरी पार्क भी बहुत खूबसूरत है । Tapiari Park is also very beautiful .,Tapiari Park is also very beautiful. Tapiari Park is also very beautiful.
Tourism_198,डौल म्यूजियम सेक्टर 23 में स्थित है । Doll Museum is situated in sector 23 .,Doul Museum is located in Sector 23. Doll Museum is situated in sector 23.
Tourism_199,डौल म्यूजियम में मानव के विकास दर्शाया गया है । Human evolution is shown in the Doll Museum .,The evolution of human beings is depicted in the Doll Museum. Human evolution is shown in the Doll Museum.
Tourism_200,अमृतसर एक ऐतिहासिक शहर है । Amritsar is a historical city .,Amritsar is a historical city. Amritsar is a historical city.
Tourism_201,अमृतसर शहर पाकिस्तान की सीमा से लगा हुआ है ।,Amritsar city is bordering Pakistan.
Tourism_202,अमृतसर एक व्यवसायिक और प्रसिद्ध पर्यटन स्थल है ।,Amritsar is a commercial and famous tourist destination.
Tourism_203,इस पर शुद्ध सोने की परत चढ़ाई गई ।,A layer of pure gold was plated on it.
Tourism_204,सीमा पर 2 लोहे के गेट लगे हैं ।,There are two iron gates installed on the border.
Tourism_205,उस समय पाकिस्तान की तरफ का द्वार भी खुलता है ।,At that time the door towards Pakistan also opens.
Tourism_206,फिर दोनों देशों के जवान धीरे - धीरे अपना ध्वज फहराते हैं ।,Then the soldiers of both the countries slowly hoist their flags.
Tourism_207,ध्वज फहराने के बाद पुनः सीमाद्वार बंद कर दिया जाता है ।,After hoisting the flag the border gate is closed again.
Tourism_208,जलियावाला बाग एक राष्ट्रीय तीर्थ है ।,Jallianwala Bagh is a national pilgrimage site.
Tourism_209,अमृतसर का टेस्टीटेस्टी फूड बहुत प्रसिद्ध है ।,The tasty food of Amritsar is very famous.
Tourism_210,अमृतसर में त्योहारों की धूम होती है ।,Festivals are celebrated in Amritsar.
Tourism_211,1575 में अकबर ने आगरा में एक किले का निर्माण करवाया ।,"In 1575, Akbar built a fort in Agra."
Tourism_212,ताजमहल के निर्माण में लगभग 22 वर्ष का समय लगा था ।,It took about 22 years to build the Taj Mahal.
Tourism_213,ताजमहल की अद्वितीय नक्काशी देखने लायक है ।,The unique carving of Taj Mahal is worth seeing.
Tourism_214,ताजमहल का मुख्यद्वार दक्षिणी दरवाजा है ।,The main gate of Taj Mahal is the southern gate.
Tourism_215,लालकिला आगरा की दूसरी महत्वपूर्ण इमारत है ।,Red Fort is the second important building of Agra.
Tourism_216,पर्यटकों के लिए यह किला सूर्योदय से सूर्यास्त तक खुला रहता है ।,This fort remains open for tourists from sunrise to sunset.
Tourism_217,लाल किला ताजमहल से तीन किलोमीटर की दूरी पर है ।,Red Fort is three kilometers away from Taj Mahal.
Tourism_218,शाहजहाँ ने इसी किले में अपने जीवन के आखिरी दिन बिताए ।,Shahjahan spent the last days of his life in this fort.
Tourism_219,सिकंदरा हिंदू - मुसलिम स्थापत्य कला का अद्भुत संगम है ।,Sikandra is a wonderful confluence of Hindu-Muslim architecture.
Tourism_220,"चीनी का राजा , फारसी वास्तुकला का एक उत्कृष्ट नमूना है ।",The King of China is an excellent example of Persian architecture.
Tourism_221,एतमादुद्दौला का मकबरा भी आगरा में ही स्थित है ।,The tomb of Itmad-ud-Daula is also located in Agra.
Tourism_222,यहीं पर नूरजहाँ की माँ भी दफनाई गई थीं ।,Noorjahan's mother was also buried here.
Tourism_223,सेंट पीटर्स चर्च ऊँची मीनारों वाला चर्च है ।,St. Peter's Church is a church with high towers.
Tourism_224,1573 से यह स्थान फतेहपुर सीकरी कहलाता है ।,Since 1573 this place is called Fatehpur Sikri.
Tourism_225,ख्वाब महल कभी सम्राट अकबर का शयनागार था ।,Khwab Mahal was once the bedroom of Emperor Akbar.
Tourism_226,महल में एक खूबसूरत मंच भी है ।,There is also a beautiful stage in the palace.
Tourism_227,पंचमहल पांचमंजिली भव्य इमारत है ।,Panchmahal is a grand five-storey building.
Tourism_228,शेख सलीम चिश्ती की दरगाह भी यहाँ पर है ।,The Dargah of Sheikh Salim Chishti is also here.
Tourism_229,जोधाबाई महल अंदर से दोमंजिला है ।,Jodhabai Mahal is two storeyed inside.
Tourism_230,विशाल रूमी दरवाजे की ऊँचाई 60 फुट है ।,The height of the huge room door is 60 feet.
Tourism_231,घड़ी मीनार का निर्माण अंगरेजों ने 1881 में करवाया था ।,The clock tower was built by the British in 1881.
Tourism_232,पेंडुलम लगभग 14 फुट लंबा है ।,The pendulum is approximately 14 feet long.
Tourism_233,रेजीडेंसी भवन का निर्माण भी नवाब आसिफुद्दौला ने करवाया था ।,The Residency Building was also constructed by Nawab Asifuddaula.
Tourism_234,रेजीडेंसी इमारत में नौका विहार का भी मजा लिया जा सकता है ।,Boating can also be enjoyed in the residency building.
Tourism_235,जामा मस्जिद इमारत में 260 खंभे हैं ।,There are 260 pillars in the Jama Masjid building.
Tourism_236,इलाहाबाद को पहले प्रयाग नाम से जाना जाता था ।,Allahabad was earlier known as Prayag.
Tourism_237,संगम इलाहाबाद के आकर्षण का एक प्रमुख केन्द्र है ।,Sangam is a major center of attraction of Allahabad.
Tourism_238,खुसरो बाग को जहाँगीर के पुत्र अमीर खुसरो ने बनवाया था ।,"Khusro Bagh was built by Amir Khusro, son of Jahangir."
Tourism_239,खुसरो बाग मुगलकालीन कला का एक जीवंत उदाहरण है ।,Khusro Bagh is a living example of Mughal art.
Tourism_240,इलाहाबाद संग्रहालय में 8 गैलरियाँ हैं ।,There are 8 galleries in Allahabad Museum.
Tourism_241,वाराणसी का पौराणिक नाम 'काशी' है ।,The mythological name of Varanasi is 'Kashi'.
Tourism_242,वाराणसी से 10 किलोमीटर दूर सारनाथ एक बौद्ध स्थल है ।,Sarnath is a Buddhist place 10 kilometers away from Varanasi.
Tourism_243,सारनाथ बनारस - गाजीपुर मार्ग पर स्थित है ।,Sarnath is situated on the Banaras-Ghazipur road.
Tourism_244,अशोक ने सारनाथ एक स्तूप बनवाया था ।,Ashoka had built a stupa at Sarnath.
Tourism_245,झाँसी दिल्ली से करीब 415 किलोमीटर दूर है ।,Jhansi is about 415 kilometers away from Delhi.
Tourism_246,जनवरी - फरवरी में हिमपात बहुत कम समय के लिए होता है ।,Snowfall occurs for a very short period in January-February.
Tourism_247,1545 में इस मस्जिद को शेरशाह सूरी ने बनवाया था ।,This mosque was built by Sher Shah Suri in 1545.
Tourism_248,अगम कुएँ की गहराई का आज तक किसी को पता नहीं है ।,Till date no one knows the depth of the Agam well.
Tourism_249,आधुनिक तारामंडल केन्द्र पटना में स्थित है ।,The modern planetarium center is located in Patna.
Tourism_250,वैशाली अब बिहार का एक छोटा शहर है ।,Vaishali is now a small town in Bihar.
